treeID,plot,family,genus,species,genspec,dbh,diameter,srl,rtd,rbi,nroot,toughness,sla,nleaf,pleaf,wsg,vd,d,ks_theo,toughness_specmean,sla_specmean,nleaf_specmean,pleaf_specmean,wsg_specmean,vd_specmean,d_specmean,ks_theo_specmean,tpi,elevation,TPI,Dim1,Dim2,order,clade
3985,SF-MS2,Actinidiaceae,Saurauia,sp2,Saurauia sp2,17.4,0.533,28.830356887937185,0.15549389567147615,1.9484379444796693,17.62621,0.65,126.534197368421,16.26462,1.94847657994401,0.349,5.64408361460572,98.4840684950961,17.6737785364207,0.64961742605342,126.534197368421,16.26462,1.94847657994401,0.348828720213295,5.64408361460572,98.4840684950961,17.6737785364207,-0.300753699130654,1950,-0.300753699130654,-4.9208685231153515,2.105644435740456,Ericales,Superasterids
3738,SF-MS5,Actinidiaceae,Saurauia,sp3,Saurauia sp3,15.9,0.4902,8.35204255319149,0.6351351351351351,1.497913620314562,17.52109,0.7,85.291140625,18.12685,1.49773824445341,0.478,5.92796297588848,108.015655617284,25.8032370578235,0.699751233127366,85.291140625,18.12685,1.49773824445341,0.478213769276314,5.92796297588848,108.015655617284,25.8032370578235,-0.29218638831365,1971,-0.29218638831365,-1.31760829425014,-0.9837062081604165,Ericales,Superasterids
4134,SF-MS1,Adoxaceae,Viburnum,stipitatum,Viburnum stipitatum,19.4,0.9775,4.016494493969585,0.3316521739130435,1.4687729087774521,19.61034,NA,NA,NA,NA,NA,NA,NA,NA,0.797631523128882,78.1915627990431,13.879835,1.40135743649351,0.497855487798714,32.9456376734747,63.2926855958898,17.78065205118,-0.018355948187606,2034,-0.018355948187606,0.8072607089448341,-0.41681010010703684,Dipsacales,Superasterids
3906,SF-US6,Alzateaceae,Alzatea,verticillata,Alzatea verticillata,19.9,0.7421,5.689081261370529,0.4061576354679802,0.8527607329265309,6.83419,NA,NA,NA,NA,NA,NA,NA,NA,1.11196253573538,47.4882342068291,9.66831,0.665355091285611,0.659511828215425,13.3528939328817,89.8499150570168,32.1686289852543,1.20627008072575,1933,1.20627008072575,2.422116456279577,1.8244628498296642,Myrtales,Rosids
3990,SF-US1,Alzateaceae,Alzatea,verticillata,Alzatea verticillata,41.4,0.7585,7.296304536261196,0.303330411919369,1.6315209854386752,9.7921,0.988,50.5998209198209,10.12611,0.595224700922619,0.633,12.48133756048,82.9933133073484,25.2151420327602,1.11196253573538,47.4882342068291,9.66831,0.665355091285611,0.659511828215425,13.3528939328817,89.8499150570168,32.1686289852543,1.1506257202462,2039,1.1506257202462,1.6162072312054612,0.6608917368614052,Myrtales,Rosids
4009,SF-US1,Alzateaceae,Alzatea,verticillata,Alzatea verticillata,24.9,1.1771,3.960073235685752,0.231969111969112,0.8574267446532717,6.55166,1.236,44.3766474938373,9.54073,0.577102229312749,0.692,16.720264343098,80.9341684686869,27.9514930300254,1.11196253573538,47.4882342068291,9.66831,0.665355091285611,0.659511828215425,13.3528939328817,89.8499150570168,32.1686289852543,1.1506257202462,2039,1.1506257202462,1.6162072312054612,0.6608917368614052,Myrtales,Rosids
3936,SF-MS3,Anacardiaceae,Tapirira,guianensis,Tapirira guianensis,23.7,0.5776,7.763737824675324,0.49181636726546907,1.5316377284714726,12.53455,NA,NA,NA,NA,NA,NA,NA,NA,0.695772359550069,68.8588854097268,15.11652,1.03893283808665,0.569434238496147,8.61790870627791,129.248910670829,51.223136141354,0.141729122407738,2027,0.141729122407738,1.346066068870499,-0.6630942581591166,Sapindales,Rosids
3665,SF-LS6,Annonaceae,Annona,andicola,Annona andicola,16.4,0.6348,18.11218070652174,0.17440758293838862,1.0652211665447038,33.13324,NA,NA,NA,NA,NA,NA,NA,NA,0.553593943721309,140.149546670731,24.16984,1.33122981672581,0.429663033048249,6.68563108040193,89.0358097390667,12.0235053791629,-0.347906813870844,2039,-0.347906813870844,-3.826868601726322,1.1498865205735564,Magnoliales,Early agiosperms
3804,SF-US4,Aquifoliaceae,Ilex,teratopis,Ilex teratopis,33,0.642,6.0477724529641455,0.5107887579329102,1.2267723999688904,7.77518,2.253,39.0847656903766,8.93014,0.633452970980744,0.598,16.0910008493182,70.01655471142,13.8511067817786,1.96238044832307,34.7429567582318,8.40125,0.436510583234655,0.742210008083749,26.2492549795828,66.4884684941891,15.6518874545287,0.761426673280571,1913,0.761426673280571,1.975449743662489,-0.02149301650303742,Aquifoliales,Superasterids
3952,SF-MS3,Araliaceae,Schefflera,sp1,Schefflera sp1,14.7,0.7424,6.824104321907599,0.3385469223007064,1.105051044185881,18.308,1.236,67.834904494382,11.16696,0.777550351394964,0.508,13.4278630307578,75.4653917015259,12.7233920064171,NA,NA,NA,NA,NA,NA,NA,NA,0.141729122407738,2027,0.141729122407738,1.346066068870499,-0.6630942581591166,Apiales,Superasterids
4132,SF-MS1,Asteraceae,Critoniopsis,floribunda,Critoniopsis floribunda,21.9,0.4084,33.19872015281757,0.22985729967069155,1.448543199959953,31.51555,NA,NA,NA,NA,NA,NA,NA,NA,0.989590068380274,102.246435809367,16.809634,0.605875704859644,0.588335653258466,19.0360447123072,64.2252657732089,9.50361273078558,-0.018355948187606,2034,-0.018355948187606,0.8072607089448341,-0.41681010010703684,Asterales,Superasterids
4145,SF-MS6,Chloranthaceae,Hedyosmum,sp1,Hedyosmum sp1,18.75,0.6892,10.885786499215072,0.2463263727764888,1.4190439739230478,18.49641,0.748,73.7128679245283,15.36994,0.91784862327158,0.357,11.6008778294826,73.022646627359,11.1592642704993,NA,NA,NA,NA,NA,NA,NA,NA,-0.366616439111289,2020,-0.366616439111289,0.7693186298580045,0.6761347500574504,Chloranthales,Early agiosperms
3815,SF-US4,Clusiaceae,Clusia,alata,Clusia alata,26.65,1.2016,1.922726907630522,0.45856353591160215,1.2741274837653183,8.94171,2.786,35.0229624325832,9.36341,0.423955121535454,NA,7.09290468685288,107.780555810888,31.9803376771725,2.26809056817875,28.9377853400029,9.55455666666667,0.363916267949698,0.642337631707619,9.08273879991899,102.433283368402,32.6016411351769,0.761426673280571,1913,0.761426673280571,1.975449743662489,-0.02149301650303742,Malpighiales,Rosids
3812,SF-US4,Clusiaceae,Clusia,alata,Clusia alata,15.75,0.9352,4.7551881720430105,0.30599294947121036,2.3985443985104795,8.86782,NA,NA,10.89025,0.284188495982969,0.626,NA,NA,NA,2.26809056817875,28.9377853400029,9.55455666666667,0.363916267949698,0.642337631707619,9.08273879991899,102.433283368402,32.6016411351769,0.761426673280571,1913,0.761426673280571,1.975449743662489,-0.02149301650303742,Malpighiales,Rosids
3903,SF-US6,Clusiaceae,Clusia,ducuoides,Clusia ducuoides,23.65,0.9426,3.0461998103066703,0.4706845238095238,0.9652179057262331,9.27601,NA,NA,NA,NA,NA,NA,NA,NA,1.39180997733862,51.9372823529412,12.78339,0.79672382733048,0.532056078915604,10.3607450639445,121.470512938459,63.3969882421392,1.20627008072575,1933,1.20627008072575,2.422116456279577,1.8244628498296642,Malpighiales,Rosids
3921,SF-US6,Clusiaceae,Clusia,ducuoides,Clusia ducuoides,34.5,0.6488,7.648714660448848,0.3955043227665706,0.9335915380787221,9.70571,NA,NA,NA,NA,NA,NA,NA,NA,1.39180997733862,51.9372823529412,12.78339,0.79672382733048,0.532056078915604,10.3607450639445,121.470512938459,63.3969882421392,1.20627008072575,1933,1.20627008072575,2.422116456279577,1.8244628498296642,Malpighiales,Rosids
4115,SF-MS1,Clusiaceae,Clusia,ducuoides,Clusia ducuoides,38.6,0.8942,8.235597792765175,0.19347568208778174,1.072045955036606,12.66526,NA,NA,15.59836,1.08462595664178,0.521,12.4988613341473,111.302678035206,61.2275665749169,1.39180997733862,51.9372823529412,12.78339,0.79672382733048,0.532056078915604,10.3607450639445,121.470512938459,63.3969882421392,-0.018355948187606,2034,-0.018355948187606,0.8072607089448341,-0.41681010010703684,Malpighiales,Rosids
3873,SF-US5,Clusiaceae,Clusia,ducuoides,Clusia ducuoides,35.3,0.5595,10.232862930452397,0.3975838926174497,1.336204137679835,11.81606,1.392,51.9372823529412,9.96842,0.50882169801918,0.554,15.9060252809327,92.4331695938899,36.4107562432669,1.39180997733862,51.9372823529412,12.78339,0.79672382733048,0.532056078915604,10.3607450639445,121.470512938459,63.3969882421392,1.13905785477566,1954,1.13905785477566,2.1471898687557154,1.3964865855229451,Malpighiales,Rosids
4052,SF-US3,Cunoniaceae,Weinmannia,fagaroides,Weinmannia fagaroides,14.7,0.417,9.214338051623645,0.795364238410596,2.7831945651800676,9.1599,NA,NA,NA,NA,NA,NA,NA,NA,NA,NA,7.48200666666667,0.392461278287882,NA,NA,NA,NA,0.659740027499244,2020,0.659740027499244,2.4309076490572314,-0.3567347732870172,Oxalidales,Rosids
1123,SF-US2,Cunoniaceae,Weinmannia,microphylla,Weinmannia microphylla,17.2,0.409,8.642771833789501,0.881359649122807,3.365452435994507,7.59417,0.482,63.6290789473684,13.80819,0.60460958505988,0.571,51.0888303014607,54.6396725498077,14.6456571767574,0.48170896109147,63.6290789473684,13.80819,0.60460958505988,0.570835548330187,51.0888303014607,54.6396725498077,14.6456571767574,1.09964376051021,1993,1.09964376051021,2.432879108220854,0.3438621557665418,Oxalidales,Rosids
4057,SF-US3,Cunoniaceae,Weinmannia,ovata,Weinmannia ovata,15.5,0.3372,14.800769600769604,0.7559999999999999,3.334329949172592,7.00205,1.04,55.7154776119403,10.9036,0.398387715766667,0.644,37.8465802232912,56.1612648543788,10.9561547262307,1.04034281134402,55.7154776119403,10.9036,0.398387715766667,0.644131346525352,37.8465802232912,56.1612648543788,10.9561547262307,0.659740027499244,2020,0.659740027499244,2.4309076490572314,-0.3567347732870172,Oxalidales,Rosids
1116,SF-US2,Cunoniaceae,Weinmannia,microphylla,Weinmannia microphylla,14.1,0.4903,6.326468292682927,0.836734693877551,2.2437671848663685,7.61828,NA,NA,NA,NA,NA,NA,NA,NA,0.48170896109147,63.6290789473684,13.80819,0.60460958505988,0.570835548330187,51.0888303014607,54.6396725498077,14.6456571767574,1.09964376051021,1993,1.09964376051021,2.432879108220854,0.3438621557665418,Oxalidales,Rosids
1114,SF-US2,Elaeocarpaceae,Sloanea,sp1,Sloanea sp1,10.65,0.9271,4.336138814016172,0.341542002301496,0.8780340739382393,23.41525,NA,NA,NA,NA,0.766,11.1806043562537,91.02303808867,22.143475744101,NA,NA,NA,NA,0.765962646490797,11.1806043562537,91.02303808867,22.143475744101,1.09964376051021,1993,1.09964376051021,2.432879108220854,0.3438621557665418,Oxalidales,Rosids
3914,SF-US6,Euphorbiaceae,Alchornea,lojaensis,Alchornea lojaensis,22.45,0.7191,6.500675824175824,0.3783783783783784,1.5721104230075826,13.73029,NA,NA,NA,NA,NA,NA,NA,NA,1.77179240397052,39.7822158411103,14.175145,0.759305128470637,0.569168915482516,2.93738311399258,135.960237011053,48.5780354554812,1.20627008072575,1933,1.20627008072575,2.422116456279577,1.8244628498296642,Malpighiales,Rosids
3992,SF-US1,Euphorbiaceae,Alchornea,lojaensis,Alchornea lojaensis,15.65,0.6108,10.33498231653404,0.33021897810218975,2.0275706837233556,16.90044,1.659,39.0107412060301,15.82022,1.06278851363905,0.496,2.64078666170898,130.104937848241,37.2705684602304,1.77179240397052,39.7822158411103,14.175145,0.759305128470637,0.569168915482516,2.93738311399258,135.960237011053,48.5780354554812,1.1506257202462,2039,1.1506257202462,1.6162072312054612,0.6608917368614052,Malpighiales,Rosids
3879,SF-US5,Aquifoliaceae,Ilex,teratopis,Ilex teratopis,13.8,0.5347,8.478474396391615,0.5249303621169917,1.5490354203378025,8.20911,NA,NA,NA,NA,NA,NA,NA,NA,1.77179240397052,39.7822158411103,14.175145,0.759305128470637,0.569168915482516,2.93738311399258,135.960237011053,48.5780354554812,1.13905785477566,1954,1.13905785477566,2.1471898687557154,1.3964865855229451,Aquifoliales,Superasterids
4055,SF-US3,Euphorbiaceae,Alchornea,lojaensis,Alchornea lojaensis,16.1,0.5943,7.427744767049291,0.48557377049180334,3.963459809517576,14.36959,1.884,40.5536904761905,12.33172,0.788669167732,0.495,2.76074088645575,134.402843873977,44.1263596168313,1.77179240397052,39.7822158411103,14.175145,0.759305128470637,0.569168915482516,2.93738311399258,135.960237011053,48.5780354554812,0.659740027499244,2020,0.659740027499244,2.4309076490572314,-0.3567347732870172,Malpighiales,Rosids
4075,SF-US3,Euphorbiaceae,Alchornea,triplinervia,Alchornea triplinervia,15.9,0.7842,12.771238570241064,0.16212938005390837,2.0893268592405523,10.96828,1.111,63.0792352941177,13.10056,1.30471961258167,0.535,3.05231630909726,126.26229048572,35.4607500707912,1.07999891799775,64.5236368778281,15.37055,1.05587731778285,0.485238292515864,3.34636905330044,116.027731976056,26.0022320397768,0.659740027499244,2020,0.659740027499244,2.4309076490572314,-0.3567347732870172,Malpighiales,Rosids
3747,SF-MS5,Fabaceae,Dussia,tessmannii,Dussia tessmannii,36.25,0.4089,10.827870326549931,0.7043333333333334,3.1513215663597953,16.12051,NA,NA,NA,NA,0.642,1.44280312587383,8.57153973488417,0.637708957228035,NA,NA,16.69456,0.823198452509668,0.593334954574664,9.36434600989186,54.5671034359811,32.5093520186755,-0.29218638831365,1971,-0.29218638831365,-1.31760829425014,-0.9837062081604165,Fabales,Rosids
3963,SF-MS2,Fabaceae,Inga,extranodis,Inga extranodis,15.45,0.5516,7.650215732701921,0.5469064748201439,1.7607528869297457,18.99572,NA,NA,NA,NA,NA,NA,NA,NA,0.790734808928233,72.7930296756384,24.32248,0.875347892056213,0.567768372249607,3.13457059293326,120.723897782156,39.6972665456853,-0.300753699130654,1950,-0.300753699130654,-4.9208685231153515,2.105644435740456,Fabales,Rosids
3771,SF-MS5,Fabaceae,Inga,marginata,Inga marginata,11.25,0.5009,9.860347428571428,0.5147058823529412,1.7478375725735078,20.47591,NA,NA,NA,NA,NA,NA,NA,NA,NA,92.1380896488279,28.55461,1.01941880780378,0.481641639848364,4.16518213104088,117.787611403956,33.7149377371062,-0.29218638831365,1971,-0.29218638831365,-1.31760829425014,-0.9837062081604165,Fabales,Rosids
3632,SF-LS5,Fabaceae,Inga,marginata,Inga marginata,11.4,0.5365,11.903719153936548,0.3716157205240174,2.18409259960326,25.43786,NA,NA,NA,NA,0.556,3.88294172256984,108.721504240451,23.7744134088528,NA,92.1380896488279,28.55461,1.01941880780378,0.481641639848364,4.16518213104088,117.787611403956,33.7149377371062,-0.489617219069389,2054,-0.489617219069389,-3.596369724074442,1.079132532143424,Fabales,Rosids
3770,SF-MS5,Fabaceae,Inga,marginata,Inga marginata,25.5,0.6801,8.39400438436244,0.32778443113772454,2.533255507545576,25.7702,NA,NA,27.94715,1.10524555768863,0.589,3.19293447946992,138.504365717576,55.4443266012309,NA,92.1380896488279,28.55461,1.01941880780378,0.481641639848364,4.16518213104088,117.787611403956,33.7149377371062,-0.29218638831365,1971,-0.29218638831365,-1.31760829425014,-0.9837062081604165,Fabales,Rosids
3681,SF-LS4,Fabaceae,Inga,marginata,Inga marginata,17.8,0.4905,10.439477571115974,0.5070735090152566,2.9082921172445215,21.92244,NA,92.1380896488279,29.16207,0.933592057918927,0.42,5.57788886408832,93.0067827427069,15.4841603687206,NA,92.1380896488279,28.55461,1.01941880780378,0.481641639848364,4.16518213104088,117.787611403956,33.7149377371062,-1.1092903749556,2063,-1.1092903749556,0.29118333097770527,-2.628745892661061,Fabales,Rosids
3676,SF-LS4,Fabaceae,Inga,extranodis,Inga extranodis,17.5,0.6176,11.306710638297872,0.2952261306532663,1.9118753427168276,23.9268,0.645,119.918052173913,36.42799,1.46118394943564,0.377,2.19702784070959,141.612506889351,38.3789440793628,0.790734808928233,72.7930296756384,24.32248,0.875347892056213,0.567768372249607,3.13457059293326,120.723897782156,39.6972665456853,-1.1092903749556,2063,-1.1092903749556,0.29118333097770527,-2.628745892661061,Fabales,Rosids
3958,SF-MS2,Fabaceae,Inga,extranodis,Inga extranodis,25.85,0.5152,8.557308139534884,0.5602605863192182,1.8547997529651319,19.35272,NA,NA,NA,NA,0.568,3.13457059293326,120.723897782156,39.6972665456853,0.790734808928233,72.7930296756384,24.32248,0.875347892056213,0.567768372249607,3.13457059293326,120.723897782156,39.6972665456853,-0.300753699130654,1950,-0.300753699130654,-4.9208685231153515,2.105644435740456,Fabales,Rosids
4099,SF-LS1,Lauraceae,Aniba,coto,Aniba coto,13.6,0.8491,5.866522823646795,0.3009759759759759,3.010346151540315,29.41136,NA,NA,NA,NA,0.569,10.6255361740212,85.5668287947454,19.6033952317973,NA,NA,NA,NA,0.569373671599527,10.6255361740212,85.5668287947454,19.6033952317973,-0.01030582060977,2002,-0.01030582060977,0.972550577760726,0.24506549543816084,Laurales,Early agiosperms
23,SF-US2,Lauraceae,Aniba,muca,Aniba muca,11.95,0.9732,2.661729965473378,0.5048623853211008,2.5192012288786483,12.44099,NA,NA,NA,NA,0.585,15.67,69.36,14.83,NA,NA,NA,NA,0.585406968941315,15.6706445402713,69.3605745418016,14.8310635628124,1.09964376051021,1993,1.09964376051021,2.432879108220854,0.3438621557665418,Laurales,Early agiosperms
3863,SF-US5,Lauraceae,Aniba,sp1,Aniba sp1,23.3,1.1267,2.4984762826718296,0.4013209013209013,1.100380251119172,17.5857,NA,NA,17.83325,0.480914031383695,0.508,8.78456286459453,108.058760702579,46.2695609130309,1.1016174644344,78.6725683453238,16.616265,0.593024583493514,0.509278668345018,8.78456286459453,108.058760702579,46.2695609130309,1.13905785477566,1954,1.13905785477566,2.1471898687557154,1.3964865855229451,Laurales,Early agiosperms
3930,SF-MS3,Lauraceae,Aniba,sp2,Aniba sp2,12,0.6277,8.497158095238094,0.3804347826086957,1.3718872505944846,21.98487,NA,NA,17.12806,0.394831768225412,0.547,4.38653873913594,78.5025061954218,5.38344691486646,NA,NA,NA,NA,NA,NA,NA,NA,0.141729122407738,2027,0.141729122407738,1.346066068870499,-0.6630942581591166,Laurales,Early agiosperms
4102,SF-LS1,Lauraceae,Aniba,sp2,Aniba sp2,25.6,0.9627,3.3509394624466213,0.40998970133882595,1.964004740597702,19.74212,1.355,83.6175345377258,17.58996,0.882409703409543,0.478,6.51372276819175,147.620093034761,101.59750168407,NA,NA,NA,NA,NA,NA,NA,NA,-0.01030582060977,2002,-0.01030582060977,0.972550577760726,0.24506549543816084,Laurales,Early agiosperms
4127,SF-MS1,Lauraceae,Cinnamomum,sp1,Cinnamomum sp1,22.4,0.5223,12.076129374337222,0.38647540983606554,2.30070979531586,25.17188,NA,69.0178326113658,21.83723,0.711954521648172,0.386,12.0770058631176,86.9339395050582,24.8180453268809,1.46714331706879,71.4894259210675,18.10091,1.31426380922728,0.387714306584405,16.6145432956717,90.6738117833191,43.6978386714228,-0.018355948187606,2034,-0.018355948187606,0.8072607089448341,-0.41681010010703684,Laurales,Early agiosperms
4109,SF-MS1,Lauraceae,Endlicheria,ruforamula,Endlicheria ruforamula,18.8,1.0999,5.254069511658601,0.20026431718061674,0.619635754657735,29.30017,NA,NA,NA,NA,NA,NA,NA,NA,1.16912568612921,62.0263918918919,23.086935,0.71618852201914,0.406267179774754,10.2587941824119,105.07251722767,41.8182626769651,-0.018355948187606,2034,-0.018355948187606,0.8072607089448341,-0.41681010010703684,Laurales,Early agiosperms
3673,SF-LS4,Lauraceae,Endlicheria,ruforamula,Endlicheria ruforamula,NA,1.0367,4.919481081081081,0.24078091106290672,2.0510476458368125,26.00613,NA,NA,NA,NA,NA,NA,NA,NA,1.16912568612921,62.0263918918919,23.086935,0.71618852201914,0.406267179774754,10.2587941824119,105.07251722767,41.8182626769651,-1.1092903749556,2063,-1.1092903749556,0.29118333097770527,-2.628745892661061,Laurales,Early agiosperms
4005,SF-US1,Lauraceae,Endlicheria,oreocola,Endlicheria oreocola,12.3,0.7855,9.696385719543615,0.21276429130775257,0.7553592549348872,23.26449,1.374,51.4912716049383,21.27851,0.774033305376238,0.633,10.4391403693168,83.4017671883686,16.3701589742794,1.37377241712154,51.4912716049383,21.27851,0.774033305376238,0.633222203774226,10.4391403693168,83.4017671883686,16.3701589742794,1.1506257202462,2039,1.1506257202462,1.6162072312054612,0.6608917368614052,Laurales,Early agiosperms
3630,SF-LS5,Lauraceae,Endlicheria,ruforamula,Endlicheria ruforamula,13.9,0.9654,4.219894561598224,0.3238095238095238,0.8679356938554098,28.48308,1.12,NA,23.47994,0.747767758998769,0.38,12.5890646681792,101.983470761868,43.6503870789522,1.16912568612921,62.0263918918919,23.086935,0.71618852201914,0.406267179774754,10.2587941824119,105.07251722767,41.8182626769651,-0.489617219069389,2054,-0.489617219069389,-3.596369724074442,1.079132532143424,Laurales,Early agiosperms
3934,SF-MS3,Lauraceae,Endlicheria,ruforamula,Endlicheria ruforamula,13.45,0.8549,6.554463750748953,0.26576433121019105,0.7587253414264036,29.26778,NA,NA,18.55875,0.559784452629506,0.496,9.83888258869313,107.223836538121,45.1085811469492,1.16912568612921,62.0263918918919,23.086935,0.71618852201914,0.406267179774754,10.2587941824119,105.07251722767,41.8182626769651,0.141729122407738,2027,0.141729122407738,1.346066068870499,-0.6630942581591166,Laurales,Early agiosperms
3798,SF-MS6,Lauraceae,Endlicheria,ruforamula,Endlicheria ruforamula,17.8,1.1623000000000001,3.7578865717192267,0.25076530612244896,0.9745526701728005,26.92536,NA,NA,28.81461,0.736754807559173,0.411,8.34742125527463,104.995192895954,36.4574158116333,1.16912568612921,62.0263918918919,23.086935,0.71618852201914,0.406267179774754,10.2587941824119,105.07251722767,41.8182626769651,-0.366616439111289,2020,-0.366616439111289,0.7693186298580045,0.6761347500574504,Laurales,Early agiosperms
4142,SF-MS6,Lauraceae,Endlicheria,ruforamula,Endlicheria ruforamula,13.3,0.9782,4.292053194939994,0.3098492462311558,0.778392430700402,21.74371,1.218,62.0263918918919,21.49444,0.82044706888911,0.339,10.2598082175007,106.087568714735,42.0566666703255,1.16912568612921,62.0263918918919,23.086935,0.71618852201914,0.406267179774754,10.2587941824119,105.07251722767,41.8182626769651,-0.366616439111289,2020,-0.366616439111289,0.7693186298580045,0.6761347500574504,Laurales,Early agiosperms
3868,SF-US5,Lauraceae,Licaria,cannella,Licaria cannella,14.5,1.6335,1.6116247002398085,0.296094674556213,0.6447956927647723,24.92558,NA,59.1723840891817,23.40304,0.60704134062848,0.688,8.85389400934656,76.0774911956126,12.3388502577204,NA,59.1723840891817,23.40304,0.60704134062848,0.687936031093423,8.85389400934656,76.0774911956126,12.3388502577204,1.13905785477566,1954,1.13905785477566,2.1471898687557154,1.3964865855229451,Laurales,Early agiosperms
1154,SF-US2,Lauraceae,Ocotea,aciphylla,Ocotea aciphylla,19.05,1.0197,3.2072503443526172,0.38185404339250495,1.8359744702918395,16.17467,1.079,66.7052631578948,15.5729,0.691925580147638,0.489,11.7318060624735,87.7695607026194,24.42584974578,1.12482756030197,60.8272991075266,13.926255,0.65363450774743,0.489003615069206,11.7318060624735,87.7695607026194,24.42584974578,1.09964376051021,1993,1.09964376051021,2.432879108220854,0.3438621557665418,Laurales,Early agiosperms
1153,SF-US2,Lauraceae,Ocotea,aciphylla,Ocotea aciphylla,17.55,0.912,4.576932002158662,0.33447653429602886,2.3523016888818664,18.87396,1.17,54.9493350571584,12.27961,0.615343435347222,NA,NA,NA,NA,1.12482756030197,60.8272991075266,13.926255,0.65363450774743,0.489003615069206,11.7318060624735,87.7695607026194,24.42584974578,1.09964376051021,1993,1.09964376051021,2.432879108220854,0.3438621557665418,Laurales,Early agiosperms
3828,SF-US4,Lauraceae,Ocotea,andina,Ocotea andina,14.8,0.98,4.347998784379274,0.3049582947173309,1.3524762897276805,13.65803,1.519,53.2189965156794,14.41084,0.919191548767132,0.511,25.5704266082429,58.1992871294475,9.47392959235655,1.60056821102749,46.8721052545195,15.1298633333333,0.820594491942559,0.526818866456084,15.7774826981707,90.4450563167105,41.7555986647865,0.761426673280571,1913,0.761426673280571,1.975449743662489,-0.02149301650303742,Laurales,Early agiosperms
3884,SF-US6,Lauraceae,Ocotea,andina,Ocotea andina,22.3,0.9522,3.145801627446668,0.44666011787819254,1.3283034907815736,17.30337,NA,NA,NA,NA,NA,NA,NA,NA,1.60056821102749,46.8721052545195,15.1298633333333,0.820594491942559,0.526818866456084,15.7774826981707,90.4450563167105,41.7555986647865,1.20627008072575,1933,1.20627008072575,2.422116456279577,1.8244628498296642,Laurales,Early agiosperms
3858,SF-US5,Lauraceae,Ocotea,sp1,Ocotea sp1,16.5,0.9878,3.753345166252515,0.3476347182229535,1.049826731299843,14.52368,NA,NA,NA,NA,0.576,6.86698880079771,115.649198612049,44.3867024858715,NA,NA,NA,NA,NA,NA,NA,NA,1.13905785477566,1954,1.13905785477566,2.1471898687557154,1.3964865855229451,Laurales,Early agiosperms
3993,SF-US1,Lauraceae,Ocotea,pedanomischa,Ocotea pedanomischa,13.05,0.8611,6.368898821617228,0.2695509309967141,0.8102662649787609,16.04602,1.25,71.7692405063291,18.19387,0.831284773640873,0.495,12.053597112584299,110.77771259412,74.0051946849772,1.25042733622532,71.7692405063291,18.132705,0.634270105575289,0.484068006791097,12.4492826935662,102.857736711879,54.8642144174514,1.1506257202462,2039,1.1506257202462,1.6162072312054612,0.6608917368614052,Laurales,Early agiosperms
3893,SF-US6,Lauraceae,Ocotea,pedanomischa,Ocotea pedanomischa,15.15,0.8271,4.3925169648365205,0.4237908496732026,1.3271968619167533,17.10954,NA,NA,18.07154,0.437255437509706,0.473,12.844968274548,94.9377608296383,35.7232341499256,1.25042733622532,71.7692405063291,18.132705,0.634270105575289,0.484068006791097,12.4492826935662,102.857736711879,54.8642144174514,1.20627008072575,1933,1.20627008072575,2.422116456279577,1.8244628498296642,Laurales,Early agiosperms
3878,SF-US5,Lauraceae,Ocotea,pedanomischa,Ocotea pedanomischa,19.75,1.008,2.6664824031283327,0.4700083542188805,1.319856575585453,17.1113,NA,NA,NA,NA,NA,NA,NA,NA,1.25042733622532,71.7692405063291,18.132705,0.634270105575289,0.484068006791097,12.4492826935662,102.857736711879,54.8642144174514,1.13905785477566,1954,1.13905785477566,2.1471898687557154,1.3964865855229451,Laurales,Early agiosperms
3852,SF-US5,Lauraceae,Ocotea,pedanomischa,Ocotea pedanomischa,13.2,0.801,4.008907637655418,0.494945054945055,1.1187342574152142,15.23395,NA,NA,NA,NA,NA,NA,NA,NA,1.25042733622532,71.7692405063291,18.132705,0.634270105575289,0.484068006791097,12.4492826935662,102.857736711879,54.8642144174514,1.13905785477566,1954,1.13905785477566,2.1471898687557154,1.3964865855229451,Laurales,Early agiosperms
3733,SF-MS4,Lauraceae,Ocotea,sp3,Ocotea sp3,32.5,0.7171,4.848971085242208,0.5111324376199615,2.052225658086815,21.28757,0.556,99.1468174603175,22.9514,1.05972414067655,0.492,6.69896929096193,109.775146538368,33.0799121429448,NA,NA,NA,NA,NA,NA,NA,NA,-0.796605891508645,1927,-0.796605891508645,-3.5865872562857404,-2.886597528232259,Laurales,Early agiosperms
4063,SF-US3,Lauraceae,Ocotea,sp3,Ocotea sp3,18.1,0.7711,4.194644780713004,0.5103403141361257,1.6203075282544945,17.58423,NA,NA,23.15526,0.816144826844192,0.519,7.35348437884163,122.601861775431,57.9895017502441,NA,NA,NA,NA,NA,NA,NA,NA,0.659740027499244,2020,0.659740027499244,2.4309076490572314,-0.3567347732870172,Laurales,Early agiosperms
4104,SF-LS1,Lauraceae,Ocotea,sp3,Ocotea sp3,13.7,0.9038,3.8484690431519697,0.40501519756838905,1.8671687384276976,18.85017,NA,NA,22.66728,0.606481299337415,0.54,8.55076814785273,99.4955120379994,26.2938283879978,NA,NA,NA,NA,NA,NA,NA,NA,-0.01030582060977,2002,-0.01030582060977,0.972550577760726,0.24506549543816084,Laurales,Early agiosperms
3911,SF-US6,Lauraceae,Ocotea,sp2,Ocotea sp2,26.85,0.868,6.92655737704918,0.244,0.7573605983148727,17.45746,NA,NA,19.02642,0.644453507489826,0.571,10.7460081982353,113.836408663352,58.7687963995755,NA,NA,NA,NA,NA,NA,NA,NA,1.20627008072575,1933,1.20627008072575,2.422116456279577,1.8244628498296642,Laurales,Early agiosperms
3813,SF-US4,Lauraceae,Ocotea,sp2,Ocotea sp2,25.1,0.3495,21.65206829896907,0.48198757763975153,1.8182353832176577,19.97316,NA,53.9377505087254,17.25201,0.50143492214618,0.575,18.889435553571,84.7127139704815,36.8474002940556,NA,NA,NA,NA,NA,NA,NA,NA,0.761426673280571,1913,0.761426673280571,1.975449743662489,-0.02149301650303742,Laurales,Early agiosperms
4015,SF-US1,Lauraceae,Persea,weberbaueri,Persea weberbaueri,13.7,0.9457,3.5744332044034515,0.3982227488151659,1.115396044672444,14.0348,1.427,52.2233089430894,15.17796,0.636119816069307,0.514,11.2290369335062,86.1640555512864,20.8113283236986,1.56581938178576,43.6222594098163,14.40433,0.59267780369307,0.517641456762901,8.66132690697896,92.3368022779844,22.7821487134122,1.1506257202462,2039,1.1506257202462,1.6162072312054612,0.6608917368614052,Laurales,Early agiosperms
3997,SF-US1,Lauraceae,Persea,weberbaueri,Persea weberbaueri,19.2,0.9221,3.801966661569047,0.39391566265060246,1.4480476697292874,14.36278,1.705,35.0212098765432,13.6307,0.549235791316832,0.537,7.49554342540306,83.2631912868298,13.4150234937577,1.56581938178576,43.6222594098163,14.40433,0.59267780369307,0.517641456762901,8.66132690697896,92.3368022779844,22.7821487134122,1.1506257202462,2039,1.1506257202462,1.6162072312054612,0.6608917368614052,Laurales,Early agiosperms
4079,SF-LS2,Lauraceae,Rhodostemonodaphne,kunthiana,Rhodostemonodaphne kunthiana,18.2,1.2489,4.199047983177213,0.19438870308435527,1.8347187052986496,32.60134,NA,70.9978295570689,NA,NA,0.467,8.50910742420707,89.3873516777147,25.1185881755801,NA,70.9978295570689,NA,NA,0.466539580433899,8.50910742420707,89.3873516777147,25.1185881755801,-0.538349468730141,2026,-0.538349468730141,-0.8080554644154119,-0.6687561521705936,Laurales,Early agiosperms
3962,SF-MS2,Lauraceae,indet3,indet3,indet3,39.8,1.291,3.25254239683437,0.23484898771988053,0.6213341826348827,19.96201,NA,NA,NA,NA,0.384,6.50472135376413,155.210040889103,141.751506530659,NA,NA,NA,NA,NA,NA,NA,NA,-0.300753699130654,1950,-0.300753699130654,-4.9208685231153515,2.105644435740456,Laurales,Early agiosperms
3938,SF-MS3,Lauraceae,Persea,areolatocostae,Persea areolatocostae,13.8,0.8626,3.352621290207926,0.5106170598911071,0.879927061467676,19.70511,NA,NA,NA,NA,NA,NA,NA,NA,NA,NA,NA,NA,NA,NA,NA,NA,0.141729122407738,2027,0.141729122407738,1.346066068870499,-0.6630942581591166,Laurales,Early agiosperms
3820,SF-US4,Lauraceae,Ocotea,oblongo-obovata,Ocotea oblongo-obovata,22.7,0.9897,3.227310002070822,0.40275229357798165,1.1742300772296896,23.72471,NA,NA,NA,NA,NA,NA,NA,NA,NA,NA,23.36884,0.937684131106955,NA,NA,NA,NA,0.761426673280571,1913,0.761426673280571,1.975449743662489,-0.02149301650303742,Laurales,Early agiosperms
3687,SF-LS4,Lauraceae,indet1,indet1,indet1,16.5,0.7649,5.8853466286799625,0.3699063231850117,2.3397399177379716,15.49094,NA,NA,19.00429,0.499033871816598,0.537,7.87806134050313,114.934381096583,45.976411984646,NA,NA,NA,NA,NA,NA,NA,NA,-1.1092903749556,2063,-1.1092903749556,0.29118333097770527,-2.628745892661061,Laurales,Early agiosperms
3625,SF-LS5,Malpighiaceae,Byrsonima,homeieri,Byrsonima homeieri,16.9,0.5276,18.09582462804685,0.25272,1.133566495832831,27.08084,0.977,84.0027646763673,19.0753,0.739701072262846,0.47,14.1150885361599,90.2893968816556,27.4367988494212,1.10612685448867,70.7343373071278,18.28606,0.708619270628282,0.469971933848129,14.1150885361599,90.2893968816556,27.4367988494212,-0.489617219069389,2054,-0.489617219069389,-3.596369724074442,1.079132532143424,Malpighiales,Rosids
4012,SF-US1,Melastomataceae,Graffenrieda,emarginata,Graffenrieda emarginata,14.5,0.5596,10.961708669354838,0.37084112149532705,1.0667632884449765,10.32821,0.893,48.0526983298539,9.37291,0.402895205089286,0.489,11.3576087343241,94.7837335114579,29.7513146341667,0.850848957225235,50.6069727933284,11.5001686363636,0.53355818009252,0.456649480071463,9.10011697119391,98.1383658572087,28.2110371187374,1.1506257202462,2039,1.1506257202462,1.6162072312054612,0.6608917368614052,Myrtales,Rosids
4062,SF-US3,Melastomataceae,Graffenrieda,emarginata,Graffenrieda emarginata,15.7,0.594,6.068780085723706,0.5947058823529412,2.5479977029990857,8.43394,NA,NA,12.70091,0.434432428591664,0.512,7.68574691826571,88.1950160670216,13.8622893947824,0.850848957225235,50.6069727933284,11.5001686363636,0.53355818009252,0.456649480071463,9.10011697119391,98.1383658572087,28.2110371187374,0.659740027499244,2020,0.659740027499244,2.4309076490572314,-0.3567347732870172,Myrtales,Rosids
4041,SF-US3,Melastomataceae,Graffenrieda,emarginata,Graffenrieda emarginata,11.4,0.8731,3.3330977204453087,0.5012400354295836,2.0888559007528364,8.31658,0.824,57.0094475,11.18836,0.571952917422748,0.43,12.618308940018,89.7727706676636,29.647529315644,0.850848957225235,50.6069727933284,11.5001686363636,0.53355818009252,0.456649480071463,9.10011697119391,98.1383658572087,28.2110371187374,0.659740027499244,2020,0.659740027499244,2.4309076490572314,-0.3567347732870172,Myrtales,Rosids
3929,SF-MS3,Melastomataceae,Meriania,franciscana,Meriania franciscana,27.6,0.5884,12.277305352798054,0.2994535519125683,1.7489195591137288,12.63705,NA,NA,NA,NA,0.475,8.76604987502305,96.145899289237,23.6844854629096,0.997901493186184,75.5359212287105,17.0979933333333,0.807056724311809,0.46482455975024,8.29015186751722,106.519853630264,35.0796884616638,0.141729122407738,2027,0.141729122407738,1.346066068870499,-0.6630942581591166,Myrtales,Rosids
3932,SF-MS3,Melastomataceae,Meriania,franciscana,Meriania franciscana,31.7,0.8432,5.840642608420386,0.30655021834061136,0.9295095712386433,26.810669999999998,NA,NA,16.4499,0.729785584297574,0.454,8.08044040747704,112.196728078701,42.3000176670747,0.997901493186184,75.5359212287105,17.0979933333333,0.807056724311809,0.46482455975024,8.29015186751722,106.519853630264,35.0796884616638,0.141729122407738,2027,0.141729122407738,1.346066068870499,-0.6630942581591166,Myrtales,Rosids
4105,SF-LS1,Melastomataceae,Meriania,franciscana,Meriania franciscana,17,0.6359,8.466859145527371,0.37171215880893294,1.9829138268226347,10.97096,0.982,60.9741944444444,18.92798,0.833997765201597,0.482,9.76871443312298,98.4454973269039,31.9456143516784,0.997901493186184,75.5359212287105,17.0979933333333,0.807056724311809,0.46482455975024,8.29015186751722,106.519853630264,35.0796884616638,-0.01030582060977,2002,-0.01030582060977,0.972550577760726,0.24506549543816084,Myrtales,Rosids
4097,SF-LS1,Melastomataceae,Meriania,franciscana,Meriania franciscana,20.15,0.4422,14.786830708661416,0.4398268398268398,2.4628213815496074,14.2261,NA,NA,NA,NA,NA,NA,NA,NA,0.997901493186184,75.5359212287105,17.0979933333333,0.807056724311809,0.46482455975024,8.29015186751722,106.519853630264,35.0796884616638,-0.01030582060977,2002,-0.01030582060977,0.972550577760726,0.24506549543816084,Myrtales,Rosids
4014,SF-US1,Melastomataceae,Miconia,calophylla,Miconia calophylla,13.4,0.519,18.690186199342826,0.2529085872576178,2.4730223732341625,11.6496,1.101,63.6557848605578,12.54602,0.630660871613861,0.587,11.0792205782745,83.4327926398738,16.3101809468378,1.17390033442197,58.0636692355306,12.676125,0.617881672249047,0.598918643973189,12.8375198027382,78.0339035155586,15.3610413970815,1.1506257202462,2039,1.1506257202462,1.6162072312054612,0.6608917368614052,Myrtales,Rosids
53,SF-US2,Melastomataceae,Miconia,calophylla,Miconia calophylla,11.5,0.7159,5.447672209026129,0.4556277056277056,2.773090557103428,9.37055,1.247,52.4715536105033,12.80623,0.605102472884232,0.611,14.6,72.64,14.41,1.17390033442197,58.0636692355306,12.676125,0.617881672249047,0.598918643973189,12.8375198027382,78.0339035155586,15.3610413970815,1.09964376051021,1993,1.09964376051021,2.432879108220854,0.3438621557665418,Myrtales,Rosids
3776,SF-MS6,Melastomataceae,Miconia,crebribullata,Miconia crebribullata,14.3,0.9141,5.2534990009990015,0.2901449275362319,2.2058463485398865,15.8894,NA,NA,20.21924,0.793015802998779,0.555,13.4536185510302,100.226403501342,43.2170862181188,0.433431961686928,92.9885162601626,19.34005,1.39242090167956,0.558141733459091,12.4135660387966,94.7186027839507,33.0787543611012,-0.366616439111289,2020,-0.366616439111289,0.7693186298580045,0.6761347500574504,Myrtales,Rosids
3981,SF-MS2,Meliaceae,Cedrela,montana,Cedrela montana,22.4,0.5461,21.741161616161616,0.19636363636363638,1.3783223958030857,25.80583,NA,NA,NA,NA,NA,NA,NA,NA,NA,NA,22.57262,1.10927184474669,0.351557095741613,1.62366595225216,170.17068187539,56.1336852038302,-0.300753699130654,1950,-0.300753699130654,-4.9208685231153515,2.105644435740456,Sapindales,Rosids
4028,SF-LS3,Meliaceae,Cedrela,montana,Cedrela montana,41.85,0.6127,17.641060382916052,0.19235127478753541,3.7067091435498254,19.04769,NA,NA,NA,NA,0.352,1.62366595225216,170.17068187539,56.1336852038302,NA,NA,22.57262,1.10927184474669,0.351557095741613,1.62366595225216,170.17068187539,56.1336852038302,-0.332169511902799,2089,-0.332169511902799,0.8452284902743088,-0.8556291326530685,Sapindales,Rosids
4080,SF-LS2,Meliaceae,Guarea,kunthiana,Guarea kunthiana,71.5,1.0122,3.998901685393258,0.31091703056768555,0.9412696885170015,23.31577,NA,NA,NA,NA,NA,NA,NA,NA,1.13053061242943,87.4287650135077,20.89178125,1.16489700154055,0.57353058932236,5.45192636268461,115.865856709199,43.3350572968999,-0.538349468730141,2026,-0.538349468730141,-0.8080554644154119,-0.6687561521705936,Sapindales,Rosids
4091,SF-LS2,Meliaceae,Guarea,kunthiana,Guarea kunthiana,35.75,1.1683,3.3657029434546866,0.277187332259796,0.8687902354881825,23.46506,1.254,89.7146484848485,16.22606,1.72296360181028,0.612,4.71840549133773,98.7901112425605,17.0440972457574,1.13053061242943,87.4287650135077,20.89178125,1.16489700154055,0.57353058932236,5.45192636268461,115.865856709199,43.3350572968999,-0.538349468730141,2026,-0.538349468730141,-0.8080554644154119,-0.6687561521705936,Sapindales,Rosids
3637,SF-LS5,Meliaceae,Guarea,kunthiana,Guarea kunthiana,33,1.0141,6.339169675090252,0.19529964747356052,0.5552549901762579,23.79952,NA,80.2789065780881,23.42999,1.26019493975767,0.581,4.39593298805274,105.404873205841,23.3812965590719,1.13053061242943,87.4287650135077,20.89178125,1.16489700154055,0.57353058932236,5.45192636268461,115.865856709199,43.3350572968999,-0.489617219069389,2054,-0.489617219069389,-3.596369724074442,1.079132532143424,Sapindales,Rosids
3659,SF-LS6,Meliaceae,Guarea,kunthiana,Guarea kunthiana,14.2,0.9728,5.442862174219301,0.24718514219384793,3.0024394820791893,22.82152,NA,NA,18.68431,0.434494170294176,0.577,5.10341186567537,109.857169384175,25.6808613135704,1.13053061242943,87.4287650135077,20.89178125,1.16489700154055,0.57353058932236,5.45192636268461,115.865856709199,43.3350572968999,-0.347906813870844,2039,-0.347906813870844,-3.826868601726322,1.1498865205735564,Sapindales,Rosids
3762,SF-MS5,Meliaceae,Guarea,kunthiana,Guarea kunthiana,16.5,1.1752,4.464115486635381,0.20653181626632952,0.886709999666341,25.02581,NA,88.0624267788037,26.85235,1.76517696361689,0.495,5.60166366730368,95.2140744134496,18.831829587987,1.13053061242943,87.4287650135077,20.89178125,1.16489700154055,0.57353058932236,5.45192636268461,115.865856709199,43.3350572968999,-0.29218638831365,1971,-0.29218638831365,-1.31760829425014,-0.9837062081604165,Sapindales,Rosids
890,SF-LS1,Meliaceae,Guarea,kunthiana,Guarea kunthiana,18.7,1.0707,5.466398601398601,0.20317592979523613,0.8992524916631016,21.29844,NA,NA,NA,NA,NA,NA,NA,NA,1.13053061242943,87.4287650135077,20.89178125,1.16489700154055,0.57353058932236,5.45192636268461,115.865856709199,43.3350572968999,-0.01030582060977,2002,-0.01030582060977,0.972550577760726,0.24506549543816084,Sapindales,Rosids
4094,SF-LS2,Meliaceae,Guarea,kunthiana,Guarea kunthiana,61.8,1.1447,4.609175984443365,0.21086622245002562,0.6855762664043898,19.5788,NA,NA,NA,NA,0.626,4.7027483218554,128.095839874862,51.0914238206839,1.13053061242943,87.4287650135077,20.89178125,1.16489700154055,0.57353058932236,5.45192636268461,115.865856709199,43.3350572968999,-0.538349468730141,2026,-0.538349468730141,-0.8080554644154119,-0.6687561521705936,Sapindales,Rosids
896,SF-LS1,Meliaceae,Guarea,kunthiana,Guarea kunthiana,47.4,1.1393,5.970980969197566,0.16426039316790203,0.8017325308560237,25.97857,NA,NA,NA,NA,NA,NA,NA,NA,1.13053061242943,87.4287650135077,20.89178125,1.16489700154055,0.57353058932236,5.45192636268461,115.865856709199,43.3350572968999,-0.01030582060977,2002,-0.01030582060977,0.972550577760726,0.24506549543816084,Sapindales,Rosids
3987,SF-MS2,Meliaceae,Guarea,kunthiana,Guarea kunthiana,28.55,1.2452,3.798271198830409,0.21619913077834849,0.5821746774223038,23.51111,NA,NA,21.27194,1.15114571772839,0.57,5.16395435549047,158.016318066341,112.913360543584,1.13053061242943,87.4287650135077,20.89178125,1.16489700154055,0.57353058932236,5.45192636268461,115.865856709199,43.3350572968999,-0.300753699130654,1950,-0.300753699130654,-4.9208685231153515,2.105644435740456,Sapindales,Rosids
4021,SF-LS3,Meliaceae,Guarea,kunthiana,Guarea kunthiana,43.8,0.89,6.699043015949734,0.2400232018561485,1.432145866762095,20.29074,NA,NA,NA,NA,NA,NA,NA,NA,1.13053061242943,87.4287650135077,20.89178125,1.16489700154055,0.57353058932236,5.45192636268461,115.865856709199,43.3350572968999,-0.332169511902799,2089,-0.332169511902799,0.8452284902743088,-0.8556291326530685,Sapindales,Rosids
9002,SF-LS3,Meliaceae,Guarea,kunthiana,Guarea kunthiana,NA,1.0324,5.48809124386252,0.21763134461264472,1.163059876335422,23.84633,NA,NA,NA,NA,NA,NA,NA,NA,1.13053061242943,87.4287650135077,20.89178125,1.16489700154055,0.57353058932236,5.45192636268461,115.865856709199,43.3350572968999,-0.332169511902799,2089,-0.332169511902799,0.8452284902743088,-0.8556291326530685,Sapindales,Rosids
4090,SF-LS2,Meliaceae,Guarea,kunthiana,Guarea kunthiana,53.5,1.2702,4.210191680261012,0.1874617737003058,2.1117094287825995,21.38707,NA,NA,NA,NA,NA,NA,NA,NA,1.13053061242943,87.4287650135077,20.89178125,1.16489700154055,0.57353058932236,5.45192636268461,115.865856709199,43.3350572968999,-0.538349468730141,2026,-0.538349468730141,-0.8080554644154119,-0.6687561521705936,Sapindales,Rosids
4131,SF-MS1,Anacardiaceae,Tapirira,guianensis,Tapirira guianensis,19.85,0.6491,11.433646616541354,0.2642384105960265,1.638526750730213,15.07157,NA,NA,NA,NA,NA,NA,NA,NA,NA,NA,28.39719,0.950023424637663,0.669996998217243,6.03048699754909,89.9790395089355,15.1794869208144,-0.018355948187606,2034,-0.018355948187606,0.8072607089448341,-0.41681010010703684,Sapindales,Rosids
3933,SF-MS3,Meliaceae,indet4,indet4,indet4,20.7,1.5347,3.0512031210672035,0.1772078501338091,0.9156579992625241,22.50941,NA,NA,NA,NA,NA,NA,NA,NA,NA,NA,28.39719,0.950023424637663,0.669996998217243,6.03048699754909,89.9790395089355,15.1794869208144,0.141729122407738,2027,0.141729122407738,1.346066068870499,-0.6630942581591166,Sapindales,Rosids
3931,SF-MS3,Meliaceae,indet4,indet4,indet4,11,1.4463,3.4482153752287985,0.17652127086698977,0.7962311724504014,24.04069,NA,NA,NA,NA,NA,NA,NA,NA,NA,NA,28.39719,0.950023424637663,0.669996998217243,6.03048699754909,89.9790395089355,15.1794869208144,0.141729122407738,2027,0.141729122407738,1.346066068870499,-0.6630942581591166,Sapindales,Rosids
3786,SF-MS6,Meliaceae,Guarea,subandina,Guarea subandina,24.4,1.0019,7.541839130434783,0.16816963197660248,0.9646668661336403,23.34141,NA,NA,28.39719,0.950023424637663,0.67,6.03048699754909,89.9790395089355,15.1794869208144,NA,NA,28.39719,0.950023424637663,0.669996998217243,6.03048699754909,89.9790395089355,15.1794869208144,-0.366616439111289,2020,-0.366616439111289,0.7693186298580045,0.6761347500574504,Sapindales,Rosids
3777,SF-MS6,Meliaceae,Ruagea,glabra,Ruagea glabra,12.1,0.8895,6.113449704142012,0.26323987538940813,0.6049325717958174,18.13434,NA,NA,NA,NA,NA,NA,NA,NA,NA,NA,25.888045,1.1240682032757,0.584727066010014,5.91982417146481,93.6569235347231,17.7873825517813,-0.366616439111289,2020,-0.366616439111289,0.7693186298580045,0.6761347500574504,Sapindales,Rosids
3783,SF-MS6,Meliaceae,Ruagea,glabra,Ruagea glabra,27,0.9131,5.445571514968249,0.2804919423240034,1.2577390516314375,18.7848,NA,NA,29.6167,1.12689440162501,0.577,5.46369385676605,84.58043217234,9.9905781125622,NA,NA,25.888045,1.1240682032757,0.584727066010014,5.91982417146481,93.6569235347231,17.7873825517813,-0.366616439111289,2020,-0.366616439111289,0.7693186298580045,0.6761347500574504,Sapindales,Rosids
3757,SF-MS5,Meliaceae,Trichilia,septentrionalis,Trichilia septentrionalis,23.7,1.0171,5.633946770529049,0.21851063829787234,0.8987112135539478,25.67984,1.042,67.5878965517241,17.87184,1.20230038891979,0.648,11.3576308296043,74.801160682332,13.5229324973002,0.964611584256129,68.6698149425287,16.51685,1.00625562571156,0.672278834314069,9.05713293416001,76.0136182708201,11.4231945630034,-0.29218638831365,1971,-0.29218638831365,-1.31760829425014,-0.9837062081604165,Sapindales,Rosids
3979,SF-MS2,Meliaceae,Trichilia,septentrionalis,Trichilia septentrionalis,28.15,0.469,10.761293322062553,0.5377272727272727,1.5729803992110354,16.59421,0.887,69.7517333333333,15.16186,0.810210862503333,0.697,6.75663503871571,77.2260758593083,9.32345662870662,0.964611584256129,68.6698149425287,16.51685,1.00625562571156,0.672278834314069,9.05713293416001,76.0136182708201,11.4231945630034,-0.300753699130654,1950,-0.300753699130654,-4.9208685231153515,2.105644435740456,Sapindales,Rosids
3647,SF-LS6,Meliaceae,Guarea,kunthiana,Guarea kunthiana,11.6,1.0595,4.759559959690964,0.23835068054443553,1.1609680426784554,24.65894,NA,NA,NA,NA,NA,NA,NA,NA,1.13053061242943,87.4287650135077,20.89178125,1.16489700154055,0.57353058932236,5.45192636268461,115.865856709199,43.3350572968999,-0.347906813870844,2039,-0.347906813870844,-3.826868601726322,1.1498865205735564,Sapindales,Rosids
3829,SF-US4,Monimiaceae,Mollinedia,sp1,Mollinedia sp1,11.65,0.584,11.000781044317684,0.3391369047619047,1.0171203289247484,22.72448,0.978,88.0840666666667,19.52371,0.89739024907758,0.617,25.6171647063143,58.1181673023547,9.17686533096591,0.978272383538183,88.0840666666667,21.8522,1.31851959734551,0.617476267935151,25.6171647063143,58.1181673023547,9.17686533096591,0.761426673280571,1913,0.761426673280571,1.975449743662489,-0.02149301650303742,Laurales,Early agiosperms
3600,SF-LS6,Moraceae,Ficus,citrifolia,Ficus citrifolia,123.8,0.6055,8.51768963520556,0.407311320754717,1.6383356956638488,15.26026,NA,NA,17.27309,0.738231296555432,0.462,2.27732423507268,153.481740214879,72.4689890039728,NA,NA,17.27309,0.738231296555432,0.462318800950528,2.27732423507268,153.481740214879,72.4689890039728,-0.347906813870844,2039,-0.347906813870844,-3.826868601726322,1.1498865205735564,Rosales,Rosids
3628,SF-LS5,Moraceae,Ficus,loxensis,Ficus loxensis,36.4,0.5755,7.023011705156597,0.5478336221837089,1.9459687365707887,14.12686,NA,NA,NA,NA,0.448,1.79411385679806,161.192202119429,63.2948482867415,0.716462502152016,94.627544973545,19.11302,1.2803734176743,0.414910765060783,1.66916253538681,170.034429107441,64.3938087356495,-0.489617219069389,2054,-0.489617219069389,-3.596369724074442,1.079132532143424,Rosales,Rosids
4151,SF-MS6,Moraceae,Ficus,pertusa,Ficus pertusa,NA,0.5325,8.49759126521087,0.5285462555066079,1.7811936940250563,11.32603,1.027,104.970065217391,19.70819,1.45145136453215,0.483,8.44582881018722,122.352099983158,87.4845168770941,1.0270798994197,104.970065217391,19.70819,1.45145136453215,0.483333291902824,8.44582881018722,122.352099983158,87.4845168770941,-0.366616439111289,2020,-0.366616439111289,0.7693186298580045,0.6761347500574504,Rosales,Rosids
3715,SF-MS4,Moraceae,Ficus,tonduzii,Ficus tonduzii,12.55,0.3267,18.657242182302063,0.6395744680851063,4.464757744990655,13.31588,NA,NA,22.36027,0.799925268476099,0.368,4.02509201120636,115.207493538688,32.1582134955006,NA,NA,21.526175,1.18400800676532,0.389737725419644,2.96994089127498,111.767873566972,21.2880106429128,-0.796605891508645,1927,-0.796605891508645,-3.5865872562857404,-2.886597528232259,Rosales,Rosids
3758,SF-MS5,Moraceae,Morus,insignis,Morus insignis,25.2,0.4121,12.029390096618357,0.6225563909774435,2.8939789675748857,12.10491,NA,NA,NA,NA,0.528,5.65341347172938,118.692633689099,63.5039937161842,0.307964814882817,211.223833092797,26.388895,1.96521356035587,0.471679400652307,4.73755854426862,116.846073429947,40.2679986289536,-0.29218638831365,1971,-0.29218638831365,-1.31760829425014,-0.9837062081604165,Rosales,Rosids
3716,SF-MS4,Moraceae,Morus,insignis,Morus insignis,21.5,0.3732,16.877505385609652,0.541025641025641,3.9874718841110988,15.6685,NA,NA,32.57845,2.04993427508327,0.436,4.34214077868355,119.95905389869,36.2813916091058,0.307964814882817,211.223833092797,26.388895,1.96521356035587,0.471679400652307,4.73755854426862,116.846073429947,40.2679986289536,-0.796605891508645,1927,-0.796605891508645,-3.5865872562857404,-2.886597528232259,Rosales,Rosids
3689,SF-LS4,Moraceae,Morus,insignis,Morus insignis,18.7,0.3152,27.248875347444947,0.4700502512562814,4.139890314877263,16.06898,NA,NA,NA,NA,NA,NA,NA,NA,0.307964814882817,211.223833092797,26.388895,1.96521356035587,0.471679400652307,4.73755854426862,116.846073429947,40.2679986289536,-1.1092903749556,2063,-1.1092903749556,0.29118333097770527,-2.628745892661061,Rosales,Rosids
3675,SF-LS4,Moraceae,Morus,insignis,Morus insignis,25.1,0.3685,13.554428668018932,0.6911214953271029,3.8160323240385097,14.33343,NA,NA,20.78205,1.10522489590841,0.473,3.21076903789712,140.015770943744,48.5601145703772,0.307964814882817,211.223833092797,26.388895,1.96521356035587,0.471679400652307,4.73755854426862,116.846073429947,40.2679986289536,-1.1092903749556,2063,-1.1092903749556,0.29118333097770527,-2.628745892661061,Rosales,Rosids
4032,SF-LS3,Moraceae,Morus,insignis,Morus insignis,15.1,0.5348,13.557381235154393,0.3282651072124756,4.143556266296637,21.7875,NA,202.743363860013,25.24228,2.54640797907661,0.357,6.08399614998324,88.9060413032969,16.2795543969423,0.307964814882817,211.223833092797,26.388895,1.96521356035587,0.471679400652307,4.73755854426862,116.846073429947,40.2679986289536,-0.332169511902799,2089,-0.332169511902799,0.8452284902743088,-0.8556291326530685,Rosales,Rosids
3956,SF-MS2,Moraceae,Pseudolmedia,rigida,Pseudolmedia rigida,22,0.3488,16.026746849942725,0.6531172069825436,2.63972621179038,14.0474,NA,NA,18.32413,0.623958434317057,0.682,6.08736606150312,116.200355232165,40.2530127038353,NA,NA,18.32413,0.623958434317057,0.68229826212035,6.08736606150312,116.200355232165,40.2530127038353,-0.300753699130654,1950,-0.300753699130654,-4.9208685231153515,2.105644435740456,Rosales,Rosids
4125,SF-MS1,Myrtaceae,Eugenia,florida,Eugenia florida,17.55,0.6204,8.34544662309368,0.3963730569948187,2.417401111064701,12.12025,0.786,101.076506610995,18.03532,0.791739687728175,0.571,3.65396591650658,135.206153414109,42.7738107220439,0.786225418873963,101.076506610995,18.03532,0.791739687728175,0.570871533709453,3.65396591650658,135.206153414109,42.7738107220439,-0.018355948187606,2034,-0.018355948187606,0.8072607089448341,-0.41681010010703684,Myrtales,Rosids
4103,SF-LS1,Myrtaceae,Eugenia,sp1,Eugenia sp1,28.65,0.4439,12.690621814475024,0.5089494163424124,4.2752720992810955,11.284,0.917,79.9835,22.49748,0.649260275928287,0.66,3.5623274775488,119.377727582664,27.927496140541,NA,NA,NA,NA,NA,NA,NA,NA,-0.01030582060977,2002,-0.01030582060977,0.972550577760726,0.24506549543816084,Myrtales,Rosids
4065,SF-US3,Myrtaceae,Myrcia,sp1,Myrcia sp1,12.9,0.3602,10.66197442455243,0.9221698113207548,2.528286100279407,7.31126,NA,NA,11.72131,0.338951126661503,0.694,6.5061961610039,110.509079820692,30.4157241331947,1.49800169214605,40.8638585238656,12.3850825,0.340934755829949,0.678064510253988,9.26786658748087,110.023780649146,43.4709337473237,0.659740027499244,2020,0.659740027499244,2.4309076490572314,-0.3567347732870172,Myrtales,Rosids
4045,SF-US3,Myrtaceae,Myrcia,sp1,Myrcia sp1,12.2,0.2838,16.20241903827282,0.9751196172248805,3.331260885273495,8.90919,1.555,44.8804434782609,19.57455,0.363572264521452,0.659,11.6351157044203,106.656378130757,46.2405273588144,1.49800169214605,40.8638585238656,12.3850825,0.340934755829949,0.678064510253988,9.26786658748087,110.023780649146,43.4709337473237,0.659740027499244,2020,0.659740027499244,2.4309076490572314,-0.3567347732870172,Myrtales,Rosids
3656,SF-LS6,Myrtaceae,Myricanthes,rhopaloides,Myricanthes rhopaloides,12.9,0.3822,16.127941952506596,0.5401425178147269,2.6066845644464585,8.70546,1.271,85.839144654088,11.40428,0.655934485715706,0.771,16.3855399164176,70.4417165555006,11.4277538368492,1.27138273706576,85.839144654088,11.40428,0.655934485715706,0.770763248035655,16.3855399164176,70.4417165555006,11.4277538368492,-0.347906813870844,2039,-0.347906813870844,-3.826868601726322,1.1498865205735564,Myrtales,Rosids
3684,SF-LS4,Nyctaginaceae,Pisonia,sp1,Pisonia sp1,16.65,0.7006,5.367382022471911,0.483695652173913,1.800304377042351,17.24417,0.393,198.460983050848,41.19023,3.11393708144135,0.297,NA,NA,NA,0.634033504542338,163.817702306473,35.2499125,2.03650355617335,0.275604147489426,6.44348671526746,185.70775853627,290.238677353143,-1.1092903749556,2063,-1.1092903749556,0.29118333097770527,-2.628745892661061,Caryophyllales,Superasterids
9001,SF-LS3,Nyctaginaceae,Pisonia,sp1,Pisonia sp1,NA,0.4173,35.87077497665733,0.204,2.126629461496814,21.90372,NA,NA,NA,NA,NA,NA,NA,NA,0.634033504542338,163.817702306473,35.2499125,2.03650355617335,0.275604147489426,6.44348671526746,185.70775853627,290.238677353143,-0.332169511902799,2089,-0.332169511902799,0.8452284902743088,-0.8556291326530685,Caryophyllales,Superasterids
9004,SF-LS3,Olacaceae,Heisteria,sp1,Heisteria sp1,NA,0.5939,8.550084463214047,0.4220450281425891,1.4012072219104097,18.18733,NA,NA,NA,NA,NA,NA,NA,NA,1.89951424580177,81.7057985359365,22.11426,0.747590266462611,0.68135405638813,25.5510778296401,60.3377182426824,11.7461681999549,-0.332169511902799,2089,-0.332169511902799,0.8452284902743088,-0.8556291326530685,Santalales,Superasterids
3737,SF-MS5,Olacaceae,Heisteria,sp1,Heisteria sp1,10.8,0.8549,4.992640127388535,0.34888888888888886,1.033368225457983,16.10879,NA,83.0711495194254,14.32072,0.626984359334764,0.685,28.1201196223365,64.5841183991041,15.779402825287,1.89951424580177,81.7057985359365,22.11426,0.747590266462611,0.68135405638813,25.5510778296401,60.3377182426824,11.7461681999549,-0.29218638831365,1971,-0.29218638831365,-1.31760829425014,-0.9837062081604165,Santalales,Superasterids
3609,SF-LS5,Phyllanthaceae,Hieronyma,asperifolia,Hieronyma asperifolia,23.1,0.9656,4.008933015620863,0.3405770964833183,1.076494511198845,16.65009,1.006,47.320665514261,11.19815,0.575935844891304,0.627,21.0735383047362,103.649343896473,72.0096661783659,1.06448131104629,48.4359232921099,12.9531,0.656418528002344,0.626638521655563,21.0735383047362,103.649343896473,72.0096661783659,-0.489617219069389,2054,-0.489617219069389,-3.596369724074442,1.079132532143424,Malpighiales,Rosids
3861,SF-US5,Phyllanthaceae,Hieronyma,fendleri,Hieronyma fendleri,31.1,1.0269,3.7254302492809206,0.3240388349514563,0.9232751884430396,8.71572,NA,NA,9.25042,0.28294106454748,0.688,16.4274434498719,84.7650103333464,25.7173082551029,0.880922610013641,65.9807068598916,15.13871,0.728357278964172,0.621917615064556,18.2479718856568,87.8758379436756,31.3205917096625,1.13905785477566,1954,1.13905785477566,2.1471898687557154,1.3964865855229451,Malpighiales,Rosids
3800,SF-US4,Phyllanthaceae,Hieronyma,fendleri,Hieronyma fendleri,15.3,0.8381,5.406256062075656,0.3353936239427456,1.1697480197708945,12.09964,NA,95.3271801832372,16.55493,0.670432351919409,0.631,19.8300533382034,82.517808674395,27.578987797097,0.880922610013641,65.9807068598916,15.13871,0.728357278964172,0.621917615064556,18.2479718856568,87.8758379436756,31.3205917096625,0.761426673280571,1913,0.761426673280571,1.975449743662489,-0.02149301650303742,Malpighiales,Rosids
1137,SF-US2,Phyllanthaceae,Hieronyma,fendleri,Hieronyma fendleri,25.15,0.9172,5.17170490506329,0.2925925925925926,2.05750772330269,15.39591,NA,NA,NA,NA,0.574,11.1932828303819,107.458554831878,43.5613092770831,0.880922610013641,65.9807068598916,15.13871,0.728357278964172,0.621917615064556,18.2479718856568,87.8758379436756,31.3205917096625,1.09964376051021,1993,1.09964376051021,2.432879108220854,0.3438621557665418,Malpighiales,Rosids
3644,SF-LS6,Phyllanthaceae,Hieronyma,macrocarpa,Hieronyma macrocarpa,30.5,1.0391,2.7925615212527966,0.42236220472440944,1.3885829110839625,13.237,1.054,45.8462184466019,14.41979,0.765201147564103,0.652,14.5089552112264,95.0424787492588,38.7097313174494,1.05387098150683,45.8462184466019,14.41979,0.765201147564103,0.652346649506715,14.5089552112264,95.0424787492588,38.7097313174494,-0.347906813870844,2039,-0.347906813870844,-3.826868601726322,1.1498865205735564,Malpighiales,Rosids
3848,SF-US5,Phyllanthaceae,Hieronyma,fendleri,Hieronyma fendleri,27.25,1.0549,2.409540781357094,0.47447154471544717,0.5973511742217368,9.33419,NA,NA,NA,NA,NA,NA,NA,NA,0.880922610013641,65.9807068598916,15.13871,0.728357278964172,0.621917615064556,18.2479718856568,87.8758379436756,31.3205917096625,1.13905785477566,1954,1.13905785477566,2.1471898687557154,1.3964865855229451,Malpighiales,Rosids
6176,SF-LS2,Piperaceae,Piper,arboreum,Piper arboreum,10.6,0.4466,23.46866726296959,0.27201946472019467,1.326322120194512,37.44761,NA,NA,NA,NA,NA,NA,NA,NA,0.466235563846425,156.580909489371,25.4113825,1.32404805496369,0.49968663373352,9.4150433965177,67.5192543861679,23.3146321235178,-0.538349468730141,2026,-0.538349468730141,-0.8080554644154119,-0.6687561521705936,Piperales,Early agiosperms
904,SF-LS1,Piperaceae,Piper,arboreum,Piper arboreum,21.1,0.5331,13.174638802889577,0.34,1.82904499959855,36.51236,0.494,135.426,24.55486,1.26195618679051,0.515,8.33112410847514,68.0455899196376,6.04245969793888,0.466235563846425,156.580909489371,25.4113825,1.32404805496369,0.49968663373352,9.4150433965177,67.5192543861679,23.3146321235178,-0.01030582060977,2002,-0.01030582060977,0.972550577760726,0.24506549543816084,Piperales,Early agiosperms
3897,SF-US6,Podocarpaceae,Podocarpus,oleifolius,Podocarpus oleifolius,20.8,0.7951,8.372836177474403,0.2405582922824302,1.1780334667486807,12.83395,NA,NA,NA,NA,NA,NA,NA,NA,2.49024434291119,38.3261081081081,11.42959,0.589537097554455,0.418021611444624,466.910687255649,33.8470795848593,21.4568246809976,1.20627008072575,1933,1.20627008072575,2.422116456279577,1.8244628498296642,Cupressales,Gymnosperms
1158,SF-US2,Podocarpaceae,Podocarpus,oleifolius,Podocarpus oleifolius,23,0.8188,8.505306848502817,0.22322964923891464,2.38772465526136,10.21718,2.49,38.3261081081081,11.42959,0.589537097554455,0.418,466.910687255649,33.8470795848593,21.4568246809976,2.49024434291119,38.3261081081081,11.42959,0.589537097554455,0.418021611444624,466.910687255649,33.8470795848593,21.4568246809976,1.09964376051021,1993,1.09964376051021,2.432879108220854,0.3438621557665418,Cupressales,Gymnosperms
3646,SF-LS6,Podocarpaceae,Prumnopitys,montana,Prumnopitys montana,33.3,0.8453,4.225835579514825,0.42159090909090907,3.5028187325855695,13.5932,NA,60.9994339622641,11.0357,0.676310888476096,0.512,802.260109261311,20.855986089342,4.95599434228697,NA,55.6901581576027,13.399805,0.934744482397768,0.539496173612698,854.302579757347,21.1166375036912,5.62175273284221,-0.347906813870844,2039,-0.347906813870844,-3.826868601726322,1.1498865205735564,Cupressales,Gymnosperms
3894,SF-US6,Primulaceae,Myrsine,coriacea,Myrsine coriacea,11.8,0.8837,3.5565681338314117,0.45845122859270293,1.1142676955071722,17.96415,0.842,83.0283218390805,10.61278,0.531456156961564,0.669,38.5731964912329,52.3037531625787,8.59439006294649,0.888880357168235,68.5980299340331,10.999015,0.461954701877558,0.724511299607255,26.3154927918006,63.7368011192574,11.4727268312288,1.20627008072575,1933,1.20627008072575,2.422116456279577,1.8244628498296642,Ericales,Superasterids
1150,SF-US2,Primulaceae,Myrsine,coriacea,Myrsine coriacea,17.05,0.761,4.277165704131497,0.5139269406392694,2.7108715296170507,8.21447,NA,NA,12.72971,0.376730867600594,0.723,28.8340663417419,59.8570124691875,10.7766206818376,0.888880357168235,68.5980299340331,10.999015,0.461954701877558,0.724511299607255,26.3154927918006,63.7368011192574,11.4727268312288,1.09964376051021,1993,1.09964376051021,2.432879108220854,0.3438621557665418,Ericales,Superasterids
3865,SF-US5,Proteaceae,Panopsis,sp1,Panopsis sp1,23.1,0.8514,3.868274810661946,0.4540866458240286,1.5128881543400183,17.68263,NA,NA,10.1641,0.862496443148468,0.493,2.09880142329275,144.001147060339,36.5648068122177,1.281329921009,58.3598044927717,9.89677,0.488630312888709,0.540401945569532,2.92953190053425,124.333355658161,30.8038580797817,1.13905785477566,1954,1.13905785477566,2.1471898687557154,1.3964865855229451,Proteales,Proteales
3788,SF-MS6,Rosaceae,Prunus,herthae,Prunus herthae,18.15,0.4435,10.96815629386991,0.5903314917127072,2.077738123934733,12.58993,1.017,71.8409417706476,13.91502,0.716951449571522,0.626,6.83455039311988,86.5897591866693,13.0839976928462,1.0172653445957,71.8409417706476,13.91502,0.716951449571522,0.626211801518242,6.83455039311988,86.5897591866693,13.0839976928462,-0.366616439111289,2020,-0.366616439111289,0.7693186298580045,0.6761347500574504,Rosales,Rosids
4078,SF-US3,Rosaceae,Prunus,opaca,Prunus opaca,11.25,0.7775,3.899899709685933,0.5405135520684736,1.0760168697789496,9.17497,NA,NA,16.21241,0.403646736046393,0.689,12.7470444987059,74.1043356402946,12.7574576470772,NA,NA,16.21241,0.403646736046393,0.688507326828427,12.7470444987059,74.1043356402946,12.7574576470772,0.659740027499244,2020,0.659740027499244,2.4309076490572314,-0.3567347732870172,Rosales,Rosids
3631,SF-LS5,Rubiaceae,Elaeagia,mollis,Elaeagia mollis,16.5,0.2728,16.976908240794856,1.006470588235294,3.3462443742987777,16.96728,0.868,114.875032228361,21.1061,1.0996228763247,0.619,30.7509280615509,55.1742401859996,8.44772282902799,0.895511813130398,104.55969831757,21.723545,1.05784948797955,0.620575835053395,27.3737542638114,61.6953219251306,11.639296277935,-0.489617219069389,2054,-0.489617219069389,-3.596369724074442,1.079132532143424,Gentianales,Superasterids
3633,SF-LS5,Rubiaceae,Elaeagia,mollis,Elaeagia mollis,23.75,0.2218,18.857676685621446,1.3677777777777778,4.622250557857826,19.74122,0.923,94.2443644067797,22.34099,1.01607609963439,0.622,23.996580466072,68.2164036642616,14.830869726842,0.895511813130398,104.55969831757,21.723545,1.05784948797955,0.620575835053395,27.3737542638114,61.6953219251306,11.639296277935,-0.489617219069389,2054,-0.489617219069389,-3.596369724074442,1.079132532143424,Gentianales,Superasterids
3616,SF-LS5,Rubiaceae,Elaeagia,mollis,Elaeagia mollis,12.8,0.4409,8.01945692883895,0.8165137614678899,3.7128799572201507,13.51416,NA,NA,NA,NA,NA,NA,NA,NA,0.895511813130398,104.55969831757,21.723545,1.05784948797955,0.620575835053395,27.3737542638114,61.6953219251306,11.639296277935,-0.489617219069389,2054,-0.489617219069389,-3.596369724074442,1.079132532143424,Gentianales,Superasterids
3657,SF-LS6,Rubiaceae,Elaeagia,mollis,Elaeagia mollis,32.9,0.3459,18.554995663486554,0.5736318407960198,3.2672849423036743,14.46367,NA,NA,NA,NA,NA,NA,NA,NA,0.895511813130398,104.55969831757,21.723545,1.05784948797955,0.620575835053395,27.3737542638114,61.6953219251306,11.639296277935,-0.347906813870844,2039,-0.347906813870844,-3.826868601726322,1.1498865205735564,Gentianales,Superasterids
4085,SF-LS2,Rubiaceae,Cordiera,sp1,Cordiera sp1,24.35,0.5786,10.402532338308456,0.3654545454545454,1.8460870367863929,18.506710000000002,NA,NA,23.99747,0.657943138034765,0.633,46.5843525514343,51.9441164246282,9.79548328954962,0.809568143860774,97.9506324983301,23.453958,1.14464488320103,0.634555565389593,39.6968583083272,52.7076777598679,8.92188088866867,-0.538349468730141,2026,-0.538349468730141,-0.8080554644154119,-0.6687561521705936,Gentianales,Superasterids
903,SF-LS1,Rubiaceae,Cordiera,sp1,Cordiera sp1,17.7,0.4855,11.011336242159802,0.49089692101740295,2.610295510712737,13.4526,0.87,98.739951219512193,24.53085,0.964117550130693,0.673,28.5403163358787,54.6545584418601,7.21245650145442,0.809568143860774,97.9506324983301,23.453958,1.14464488320103,0.634555565389593,39.6968583083272,52.7076777598679,8.92188088866867,-0.01030582060977,2002,-0.01030582060977,0.972550577760726,0.24506549543816084,Gentianales,Superasterids
4029,SF-LS3,Rubiaceae,Cordiera,sp1,Cordiera sp1,20.6,0.285,25.88960429769392,0.6057142857142856,5.601513360074976,13.65685,0.746,103.942679824561,28.2136,1.8772946630751,0.548,43.3032048370497,48.4578727084156,7.20688261200755,0.809568143860774,97.9506324983301,23.453958,1.14464488320103,0.634555565389593,39.6968583083272,52.7076777598679,8.92188088866867,-0.332169511902799,2089,-0.332169511902799,0.8452284902743088,-0.8556291326530685,Gentianales,Superasterids
3622,SF-LS5,Rubiaceae,Elaeagia,mollis,Elaeagia mollis,12.05,0.3616,13.835232558139534,0.7027237354085604,3.561933417458997,13.97546,NA,NA,NA,NA,NA,NA,NA,NA,0.895511813130398,104.55969831757,21.723545,1.05784948797955,0.620575835053395,27.3737542638114,61.6953219251306,11.639296277935,-0.489617219069389,2054,-0.489617219069389,-3.596369724074442,1.079132532143424,Gentianales,Superasterids
4001,SF-US1,Rubiaceae,Faramea,bangii,Faramea bangii,13,0.7739,7.395169597989949,0.28736462093862813,0.8239114388636478,17.09765,NA,NA,NA,NA,NA,NA,NA,NA,NA,NA,NA,NA,NA,NA,NA,NA,1.1506257202462,2039,1.1506257202462,1.6162072312054612,0.6608917368614052,Gentianales,Superasterids
3682,SF-LS4,Rubiaceae,Guettarda,sp1,Guettarda sp1,12.8,0.6149,9.38051714898178,0.3588461538461538,1.2568523447008964,30.41377,NA,76.9339034727202,19.59702,0.841320133034765,0.57,NA,NA,NA,NA,76.9339034727202,19.59702,0.841320133034765,0.570108077080306,NA,NA,NA,-1.1092903749556,2063,-1.1092903749556,0.29118333097770527,-2.628745892661061,Gentianales,Superasterids
4084,SF-LS2,Rubiaceae,Palicourea,stenosepala,Palicourea stenosepala,13.1,0.4054,23.223908138597906,0.3336021505376344,3.6189053279793426,29.54845,NA,NA,31.92395,1.28948781315583,0.416,18.9062431008153,67.3240846035626,11.6125842936171,0.570570470984445,117.535682839173,28.201415,1.13556341097533,0.389653704051142,19.5394187999643,64.8243561944741,10.6642391980025,-0.538349468730141,2026,-0.538349468730141,-0.8080554644154119,-0.6687561521705936,Gentianales,Superasterids
3690,SF-LS4,Rubiaceae,Palicourea,thyrsiflora,Palicourea thyrsiflora,14.1,0.4697,17.695051903114187,0.32655367231638416,4.453574298916476,17.88814,NA,NA,NA,NA,NA,NA,NA,NA,0.437145577025739,169.380446067296,25.7633633333333,0.997497326783628,0.43381585910441,22.6394545757635,63.5193949014481,11.1450575714028,-1.1092903749556,2063,-1.1092903749556,0.29118333097770527,-2.628745892661061,Gentianales,Superasterids
3965,SF-MS2,Rubiaceae,Psychotria,tinctoria,Psychotria tinctoria,10.65,0.5957,26.94150864639237,0.13320095313741065,1.4851405162047422,33.67456,0.545,127.361393442623,20.62332,0.868610245745875,NA,NA,NA,NA,0.544840421851255,127.361393442623,23.09398,0.713662438929751,0.459716674385578,51.610990241524,43.7404564520075,5.91925658843448,-0.300753699130654,1950,-0.300753699130654,-4.9208685231153515,2.105644435740456,Gentianales,Superasterids
9003,SF-LS3,Sapindaceae,Allophylus,sp1,Allophylus sp1,NA,0.6183,9.965826086956522,0.3341528833258829,2.0780043640776404,17.60247,NA,NA,NA,NA,NA,NA,NA,NA,NA,NA,NA,NA,NA,NA,NA,NA,-0.332169511902799,2089,-0.332169511902799,0.8452284902743088,-0.8556291326530685,Sapindales,Rosids
3706,SF-MS4,Sapindaceae,Allophylus,sp2,Allophylus sp2,10.3,0.372,15.05833103448276,0.6109550561797753,2.390703187329456,17.65023,0.604,149.495837209302,30.31474,1.9894558939901,NA,NA,NA,NA,0.588210143843797,134.890158011123,30.2638,1.74492264164644,0.487335791442598,15.390691689773,66.0882856982875,8.46183714204166,-0.796605891508645,1927,-0.796605891508645,-3.5865872562857404,-2.886597528232259,Sapindales,Rosids
3668,SF-LS6,Sapindaceae,Cupania,sp1,Cupania sp1,15.9,0.511,7.314188191881919,0.667076923076923,2.200898521551148,10.94842,1.149,82.0090203199309,19.28322,1.46973080357988,0.892,9.40321954909798,57.5806400627173,3.57924677062853,1.20029352915138,78.7545451589557,15.1592033333333,1.2603147504237,0.805467548903503,10.3872226022726,76.7595315783304,16.3072866273268,-0.347906813870844,2039,-0.347906813870844,-3.826868601726322,1.1498865205735564,Sapindales,Rosids
4120,SF-MS1,Sapindaceae,Cupania,sp1,Cupania sp1,29.75,0.4211,13.043546371936568,0.5505291005291005,2.2841463297821,10.90518,1.445,74.9255174825175,6.87397,1.28105907626931,0.797,12.3166682611054,92.3988031365944,33.0237092642356,1.20029352915138,78.7545451589557,15.1592033333333,1.2603147504237,0.805467548903503,10.3872226022726,76.7595315783304,16.3072866273268,-0.018355948187606,2034,-0.018355948187606,0.8072607089448341,-0.41681010010703684,Sapindales,Rosids
3696,SF-MS4,Sapindaceae,Cupania,sp1,Cupania sp1,13.65,0.3406,14.253989205103043,0.7690566037735849,4.478542411727791,14.24502,1.007,79.3290976744186,19.32042,1.03015437142192,0.727,9.4417799966144,80.2991515356795,12.3189038471162,1.20029352915138,78.7545451589557,15.1592033333333,1.2603147504237,0.805467548903503,10.3872226022726,76.7595315783304,16.3072866273268,-0.796605891508645,1927,-0.796605891508645,-3.5865872562857404,-2.886597528232259,Sapindales,Rosids
3823,SF-US4,Sapindaceae,Matayba,inelegans,Matayba inelegans,14.25,0.8576,6.328900422914264,0.27350157728706626,1.1602851993169505,24.01891,0.909,94.04678125,22.88454,0.910890906289196,0.757,15.5794913503779,68.929966029675,10.8603592278801,0.907581062981533,94.04678125,20.91903,0.894007022781052,0.762067736665966,14.0230884603102,78.2748176837675,18.3988156508924,0.761426673280571,1913,0.761426673280571,1.975449743662489,-0.02149301650303742,Sapindales,Rosids
4128,SF-MS1,Sapotaceae,Micropholis,guyanensis,Micropholis guyanensis,23.25,0.5353,9.135460553490294,0.48614457831325303,2.473216243650232,16.74143,NA,NA,NA,NA,NA,NA,NA,NA,NA,NA,28.53943,0.627772419379727,0.673417716709353,19.6686217730671,70.8734569617653,16.0962827918608,-0.018355948187606,2034,-0.018355948187606,0.8072607089448341,-0.41681010010703684,Ericales,Superasterids
3717,SF-MS4,Sapotaceae,Pouteria,austin-smithii,Pouteria austin-smithii,13.4,0.6049,8.44391151425398,0.41205186880244093,3.395886483122181,19.14286,1.674,43.6911547911548,16.09966,0.586000905871287,0.716,13.5592819478704,61.5534506623127,5.69232096939567,1.67351422661128,43.6911547911548,16.09966,0.586000905871287,0.715518230257519,13.5592819478704,61.5534506623127,5.69232096939567,-0.796605891508645,1927,-0.796605891508645,-3.5865872562857404,-2.886597528232259,Ericales,Superasterids
3651,SF-LS6,Simaroubaceae,Picrasma,longistaminea,Picrasma longistaminea,35.9,0.9054,9.544698940998487,0.16272772033481042,1.5818556402980737,31.76775,NA,NA,27.8249,1.10740454432556,0.37,5.48727055690866,101.756811832322,21.1448220200361,NA,NA,27.8249,1.10740454432556,0.3704464192116,5.48727055690866,101.756811832322,21.1448220200361,-0.347906813870844,2039,-0.347906813870844,-3.826868601726322,1.1498865205735564,Sapindales,Rosids
3692,SF-MS4,Siparunaceae,Siparuna,aspera,Siparuna aspera,17.1,0.4286,19.116286019210243,0.3631782945736434,1.529704175310798,23.07263,0.387,168.55915942029,27.93808,3.50696433632872,0.395,15.359418990713,72.0277992409665,13.7236653585898,0.387011769951792,168.55915942029,27.93808,3.50696433632872,0.394522163322938,15.359418990713,72.0277992409665,13.7236653585898,-0.796605891508645,1927,-0.796605891508645,-3.5865872562857404,-2.886597528232259,Laurales,Early agiosperms
6184,SF-LS2,Solanaceae,Cestrum,schlechtendahlii,Cestrum schlechtendahlii,10.3,0.5813,11.09478155339806,0.3396937573616019,1.9032826155916036,24.83008,NA,NA,NA,NA,NA,NA,NA,NA,0.859171434457748,101.89556372549,16.66647,0.873165979871542,0.602359302491705,NA,NA,NA,-0.538349468730141,2026,-0.538349468730141,-0.8080554644154119,-0.6687561521705936,Solanales,Superasterids
9005,SF-LS3,Solanaceae,Cestrum,sp1,Cestrum sp1,NA,0.7482,8.670148662041626,0.2624187256176853,3.5550251595188938,22.94759,NA,NA,NA,NA,NA,NA,NA,NA,NA,NA,NA,NA,NA,NA,NA,NA,-0.332169511902799,2089,-0.332169511902799,0.8452284902743088,-0.8556291326530685,Solanales,Superasterids
3707,SF-MS4,Staphyleaceae,Turpinia,occidentalis,Turpinia occidentalis,30,0.6129,21.61429567642957,0.15672131147540982,2.681086243220659,19.03281,NA,NA,15.03469,0.491647727171734,0.36,15.67862934145,88.4967225357566,36.7136643704892,0.740203114496557,125.229735064935,18.80114,1.06386981474227,0.374276047441183,12.3666842362091,81.307813270416,23.866946902662,-0.796605891508645,1927,-0.796605891508645,-3.5865872562857404,-2.886597528232259,Crossosomatales,Rosids
3713,SF-MS4,Staphyleaceae,Turpinia,occidentalis,Turpinia occidentalis,50.3,0.6361,18.775443078913327,0.1675880758807588,1.956809965674866,21.80156,0.921,69.2557272727273,16.12826,0.616921688253493,0.43,10.8199019261245,94.8916028491727,30.1997406096817,0.740203114496557,125.229735064935,18.80114,1.06386981474227,0.374276047441183,12.3666842362091,81.307813270416,23.866946902662,-0.796605891508645,1927,-0.796605891508645,-3.5865872562857404,-2.886597528232259,Crossosomatales,Rosids
4038,SF-LS3,Staphyleaceae,Turpinia,occidentalis,Turpinia occidentalis,16.9,0.5557,42.098841698841696,0.09795763993948563,4.061044058842952,26.82295,0.559,181.203742857143,25.24047,2.08304002880159,0.333,10.6015214410529,60.5351144263188,4.68743572781499,0.740203114496557,125.229735064935,18.80114,1.06386981474227,0.374276047441183,12.3666842362091,81.307813270416,23.866946902662,-0.332169511902799,2089,-0.332169511902799,0.8452284902743088,-0.8556291326530685,Crossosomatales,Rosids
3923,SF-MS3,Theaceae,Gordonia,fruticosa,Gordonia fruticosa,15.2,0.7003,6.491497310221159,0.3997610513739546,1.7218716837280823,10.13931,NA,228.299835405999,18.15954,0.568588053308298,0.522,46.1461152089251,63.9297261113608,22.931427854982,1.22230996294576,109.60446794139,12.9938933333333,0.477813822600147,0.523274408830104,47.0426660257302,57.3157819436509,15.9441824346046,0.141729122407738,2027,0.141729122407738,1.346066068870499,-0.6630942581591166,Ericales,Superasterids
3843,SF-US4,Theaceae,Gordonia,fruticosa,Gordonia fruticosa,24.3,0.5942,4.788540573896945,0.7537209302325582,2.074787720865019,9.48369,NA,NA,NA,NA,NA,NA,NA,NA,1.22230996294576,109.60446794139,12.9938933333333,0.477813822600147,0.523274408830104,47.0426660257302,57.3157819436509,15.9441824346046,0.761426673280571,1913,0.761426673280571,1.975449743662489,-0.02149301650303742,Ericales,Superasterids
3748,SF-MS5,Urticaceae,Boehmeria,sp1,Boehmeria sp1,11.3,0.366,21.975694177863083,0.4329639889196676,1.6944213070859127,26.76424,0.262,249.60525,33.15083,1.31558419796873,0.428,12.2469126398901,73.8515186076751,13.7237070921761,0.261809881386168,249.60525,33.15083,1.31558419796873,0.427588463181605,12.2469126398901,73.8515186076751,13.7237070921761,-0.29218638831365,1971,-0.29218638831365,-1.31760829425014,-0.9837062081604165,Rosales,Rosids
3743,SF-MS5,Urticaceae,Cecropia,angustifolia,Cecropia angustifolia,24.2,0.4984,11.171773640372365,0.4586516853932584,2.499825670051957,16.07923,0.507,66.3775388007055,22.15954,1.37907722546282,0.283,2.61093956642911,167.503383802911,77.044510580867,0.506908493747687,66.3775388007055,22.15954,1.37907722546282,0.283420129667623,2.61093956642911,167.503383802911,77.044510580867,-0.29218638831365,1971,-0.29218638831365,-1.31760829425014,-0.9837062081604165,Rosales,Rosids
3685,SF-LS4,Urticaceae,Myriocarpa,stipitata,Myriocarpa stipitata,18.35,0.3406,24.22808066759388,0.45220125786163523,2.3708394780938447,23.36808,0.325,174.4382,29.46118,1.72608627175595,0.299,7.36794802506026,158.776017263173,266.098760608237,0.325206600384439,174.4382,33.07242,1.69901058895839,0.2863202513258,7.36794802506026,158.776017263173,266.098760608237,-1.1092903749556,2063,-1.1092903749556,0.29118333097770527,-2.628745892661061,Rosales,Rosids
3678,SF-LS4,Urticaceae,Myriocarpa,stipitata,Myriocarpa stipitata,14,0.5563,17.197820069204152,0.2392384105960265,3.142749644378361,23.37037,NA,NA,36.68366,1.67193490616083,0.274,NA,NA,NA,0.325206600384439,174.4382,33.07242,1.69901058895839,0.2863202513258,7.36794802506026,158.776017263173,266.098760608237,-1.1092903749556,2063,-1.1092903749556,0.29118333097770527,-2.628745892661061,Rosales,Rosids
3734,SF-MS4,Urticaceae,Myriocarpa,stipitata,Myriocarpa stipitata,14.8,0.3535,31.000442687747032,0.32857142857142857,4.94191591296924,19.46377,NA,NA,NA,NA,NA,NA,NA,NA,0.325206600384439,174.4382,33.07242,1.69901058895839,0.2863202513258,7.36794802506026,158.776017263173,266.098760608237,-0.796605891508645,1927,-0.796605891508645,-3.5865872562857404,-2.886597528232259,Rosales,Rosids
3955,SF-MS2,Violaceae,Leonia,glycycarpa,Leonia glycycarpa,13.4,0.61,10.086486749805143,0.3391936549900859,1.4411601919099912,23.22604,1.401,90.2909758064516,19.2166,1.36061682430886,0.532,39.1320180144577,46.0065834562443,4.94044886042764,1.41634636439863,86.5516837564953,19.79262,1.37921652327834,0.55739315305625,39.1320180144577,45.4053647948173,4.94044886042764,-0.300753699130654,1950,-0.300753699130654,-4.9208685231153515,2.105644435740456,Malpighiales,Rosids
4111,SF-MS1,Lauraceae,indet2,indet2,indet2,24.2,1.198,3.7403820172373634,0.23718232044198895,2.0862577269381335,12.85995,NA,NA,NA,NA,NA,NA,NA,NA,NA,NA,NA,NA,NA,NA,NA,NA,-0.018355948187606,2034,-0.018355948187606,0.8072607089448341,-0.41681010010703684,Laurales,Early agiosperms
3887,SF-US6,Primulaceae,Myrsine,andina,Myrsine andina,24.7,1.4904,2.689300822561692,0.21310517529215361,1.106938245226147,24.08961,NA,NA,NA,NA,NA,NA,NA,NA,NA,NA,24.50296,0.667254383600363,0.492061658348022,13.1026411175007,79.7770540702029,25.0752097642818,1.20627008072575,1933,1.20627008072575,2.422116456279577,1.8244628498296642,Ericales,Superasterids
